{"files": [{"path": "cala/chp00-qianyan.md", "rname": "chp00-\u524d\u8a00.md", "mtime": 1451237257.0, "mode": "file", "name": "chp00-qianyan.md"}, {"path": "cala/chp001-jieshao.md", "rname": "chp001-\u4ecb\u7ecd.md", "mtime": 1451237257.0, "mode": "file", "name": "chp001-jieshao.md"}, {"path": "cala/chp01-tiquqi.md", "rname": "chp01-\u63d0\u53d6\u5668.md", "mtime": 1451237257.0, "mode": "file", "name": "chp01-tiquqi.md"}, {"path": "cala/chp02-xulietiqu.md", "rname": "chp02-\u5e8f\u5217\u63d0\u53d6.md", "mtime": 1451237257.0, "mode": "file", "name": "chp02-xulietiqu.md"}, {"path": "cala/chp03-wuchubuzaidimoshi.md", "rname": "chp03-\u65e0\u5904\u4e0d\u5728\u7684\u6a21\u5f0f.md", "mtime": 1451237257.0, "mode": "file", "name": "chp03-wuchubuzaidimoshi.md"}, {"path": "cala/chp04-moshipipeiyuniminghanshu.md", "rname": "chp04-\u6a21\u5f0f\u5339\u914d\u4e0e\u533f\u540d\u51fd\u6570.md", "mtime": 1451237257.0, "mode": "file", "name": "chp04-moshipipeiyuniminghanshu.md"}, {"path": "cala/chp05-Optionleixing.md", "rname": "chp05-Option\u7c7b\u578b.md", "mtime": 1451237257.0, "mode": "file", "name": "chp05-Optionleixing.md"}, {"path": "cala/chp06-Tryyucuowuchuli.md", "rname": "chp06-Try\u4e0e\u9519\u8bef\u5904\u7406.md", "mtime": 1451237257.0, "mode": "file", "name": "chp06-Tryyucuowuchuli.md"}, {"path": "cala/chp07-Eitherleixing.md", "rname": "chp07-Either\u7c7b\u578b.md", "mtime": 1451237257.0, "mode": "file", "name": "chp07-Eitherleixing.md"}, {"path": "cala/chp08-Futureleixing.md", "rname": "chp08-Future\u7c7b\u578b.md", "mtime": 1451237257.0, "mode": "file", "name": "chp08-Futureleixing.md"}, {"path": "cala/chp09-PromiseheFutureshizhan.md", "rname": "chp09-Promise\u548cFuture\u5b9e\u6218.md", "mtime": 1451237257.0, "mode": "file", "name": "chp09-PromiseheFutureshizhan.md"}, {"path": "cala/chp10-gaojiehanshuyuDRY.md", "rname": "chp10-\u9ad8\u9636\u51fd\u6570\u4e0eDRY.md", "mtime": 1451237257.0, "mode": "file", "name": "chp10-gaojiehanshuyuDRY.md"}, {"path": "cala/chp11-hanshudibufenyingyonghekelihua.md", "rname": "chp11-\u51fd\u6570\u7684\u90e8\u5206\u5e94\u7528\u548c\u67ef\u91cc\u5316.md", "mtime": 1451237257.0, "mode": "file", "name": "chp11-hanshudibufenyingyonghekelihua.md"}, {"path": "cala/chp12-classleixing.md", "rname": "chp12-class\u7c7b\u578b.md", "mtime": 1451237257.0, "mode": "file", "name": "chp12-classleixing.md"}, {"path": "cala/chp13-lujingyilaileixing.md", "rname": "chp13-\u8def\u5f84\u4f9d\u8d56\u7c7b\u578b.md", "mtime": 1451237257.0, "mode": "file", "name": "chp13-lujingyilaileixing.md"}, {"path": "cala/chp14-jieyu.md", "rname": "chp14-\u7ed3\u8bed.md", "mtime": 1451237257.0, "mode": "file", "name": "chp14-jieyu.md"}, {"path": "cala/LICENSE", "rname": "LICENSE", "mtime": 1451237257.0, "mode": "file", "name": "LICENSE"}], "rname": "scala", "name": "scala", "mode": "tree", "mtime": 1451745512.0, "path": "cala"}